"","","","Batting","","","","","","","","","","","","","","","","","","","","","","","","","","","","","","","","","","","","","","","","","","","","","","","","","","","Pitching","","","","","","","","","","","","","","","","","","","","","","","","","","","","","","","","","","","","","","","","","","","","","","","","","","","","","","","","","","","","","","","","","","","","","","","","","","","","","","","","","","","","","","","","","","","","","","","","","","","","","","","","","","","","","","","","","","","","","","","","Fielding","","","","","","","","","","","","","","","","","","","","","","","","",""
"Number","Last","First","GP","PA","AB","AVG","OBP","OPS","SLG","H","1B","2B","3B","HR","RBI","R","BB","SO","K-L","HBP","SAC","SF","ROE","FC","SB","SB%","CS","PIK","QAB","QAB%","PA/BB","BB/K","C%","HHB","LD%","FB%","GB%","BABIP","BA/RISP","LOB","2OUTRBI","XBH","TB","PS","PS/PA","2S+3","2S+3%","6+","6+%","AB/HR","GIDP","GITP","CI","IP","GP","GS","BF","#P","W","L","SV","SVO","BS","SV%","H","R","ER","BB","SO","K-L","HBP","ERA","WHIP","LOB","BK","PIK","CS","SB","SB%","WP","BAA","MPHFB","MPHCT","MPHCB","MPHSL","MPHCH","MPHOS","P/IP","P/BF","<3%","LOO","1ST2OUT","123INN","<13","FIP","S%","FPS%","FPSO%","FPSW%","FPSH%","BB/INN","0BBINN","BBS","LOBB","LOBBS","SM%","K/BF","K/BB","WEAK%","HHB%","GO/AO","HR","LD%","FB%","GB%","BABIP","BA/RISP","FB","FBS","FBS%","FBSW%","FBSM%","CH","CHS","CHS%","CHSW%","CHSM%","RB","RBS","RBS%","RBSW%","RBSM%","MPHRB","DB","DBS","DBS%","DBSW%","DBSM%","MPHDB","SC","SCS","SCS%","SCSW%","SCSM%","MPHSC","CB","CBS","CBS%","CBSW%","CBSM%","DC","DCS","DCS%","DCSW%","DCSM%","MPHDC","KB","KBS","KBS%","KBSW%","KBSM%","MPHKB","KC","KCS","KCS%","KCSW%","KCSM%","MPHKC","OS","OSS","OSS%","OSSW%","OSSM%","TC","A","PO","FPCT","E","DP","TP","INN","PB","SB","SB-ATT","CS","CS%","PIK","CI","P","C","1B","2B","3B","SS","LF","CF","RF","SF","Total"
"","","Corey","9","29","26",".423",".379",".841",".462","11","10","1","0","0","9","4","0","0","0","0","0","3","0","3","0","-","0","0","12","41.38","-",".000","100.0","10","31.03","44.83","24.14",".379",".500","16","1","1","12","29","1.000","0","0.00","0","0.00","-","1","0","0","0.0","0","0","0","0","0","0","0","0","0","0.00","0","0","0","0","0","0","0",".000",".000","0","0","0","0","0","0.00","0",".000","N/A","N/A","N/A","N/A","N/A","N/A","0.0",".000","0.00","0","0","0","0",".000","0.00","0.00","0.00","0.00","0.00",".000","0","0","0","0","0.00",".000",".000","0.00","0.00",".000","0","0.00","0.00","0.00",".000",".000","0","0","0.00","0.00","0.00","0","0","0.00","0.00","0.00","0","0","0.00","0.00","0.00","N/A","0","0","0.00","0.00","0.00","N/A","0","0","0.00","0.00","0.00","N/A","0","0","0.00","0.00","0.00","0","0","0.00","0.00","0.00","N/A","0","0","0.00","0.00","0.00","N/A","0","0","0.00","0.00","0.00","N/A","0","0","0.00","0.00","0.00","0","0","0","-","0","0","0","0.0","0","0","0-0","0","-","0","0","0.0","0.0","0.0","0.0","0.0","0.0","0.0","0.0","0.0","0.0","0.0"
"","","Duff","10","31","29",".414",".387",".973",".586","12","9","1","2","0","9","6","0","1","0","0","0","2","0","2","0","-","0","0","16","51.61","-",".000","96.55","15","43.33","30.00","26.67",".400",".500","15","1","3","17","33","1.065","0","0.00","0","0.00","-","1","0","0","0.0","0","0","0","0","0","0","0","0","0","0.00","0","0","0","0","0","0","0",".000",".000","0","0","0","0","0","0.00","0",".000","N/A","N/A","N/A","N/A","N/A","N/A","0.0",".000","0.00","0","0","0","0",".000","0.00","0.00","0.00","0.00","0.00",".000","0","0","0","0","0.00",".000",".000","0.00","0.00",".000","0","0.00","0.00","0.00",".000",".000","0","0","0.00","0.00","0.00","0","0","0.00","0.00","0.00","0","0","0.00","0.00","0.00","N/A","0","0","0.00","0.00","0.00","N/A","0","0","0.00","0.00","0.00","N/A","0","0","0.00","0.00","0.00","0","0","0.00","0.00","0.00","N/A","0","0","0.00","0.00","0.00","N/A","0","0","0.00","0.00","0.00","N/A","0","0","0.00","0.00","0.00","0","0","0","-","0","0","0","0.0","0","0","0-0","0","-","0","0","0.0","0.0","0.0","0.0","0.0","0.0","0.0","0.0","0.0","0.0","0.0"
"","","Glove","8","32","30",".633",".656","1.490",".833","19","16","1","1","1","5","15","2","0","0","0","0","0","0","0","0","-","0","0","20","62.50","16.0",".000","100.0","18","33.33","26.67","40.00",".621",".500","8","3","3","25","38","1.188","0","0.00","0","0.00","30.0","0","0","0","0.0","0","0","0","0","0","0","0","0","0","0.00","0","0","0","0","0","0","0",".000",".000","0","0","0","0","0","0.00","0",".000","N/A","N/A","N/A","N/A","N/A","N/A","0.0",".000","0.00","0","0","0","0",".000","0.00","0.00","0.00","0.00","0.00",".000","0","0","0","0","0.00",".000",".000","0.00","0.00",".000","0","0.00","0.00","0.00",".000",".000","0","0","0.00","0.00","0.00","0","0","0.00","0.00","0.00","0","0","0.00","0.00","0.00","N/A","0","0","0.00","0.00","0.00","N/A","0","0","0.00","0.00","0.00","N/A","0","0","0.00","0.00","0.00","0","0","0.00","0.00","0.00","N/A","0","0","0.00","0.00","0.00","N/A","0","0","0.00","0.00","0.00","N/A","0","0","0.00","0.00","0.00","0","0","0","-","0","0","0","0.0","0","0","0-0","0","-","0","0","0.0","0.0","0.0","0.0","0.0","0.0","0.0","0.0","0.0","0.0","0.0"
"","Harm","","4","14","10",".800",".714","2.814","2.100","8","3","1","0","4","16","5","2","0","0","0","0","2","0","0","0","-","0","0","10","71.43","7.0",".000","100.0","7","50.00","41.67","8.33",".500",".750","1","6","5","21","20","1.429","0","0.00","0","0.00","2.5","0","0","0","0.0","0","0","0","0","0","0","0","0","0","0.00","0","0","0","0","0","0","0",".000",".000","0","0","0","0","0","0.00","0",".000","N/A","N/A","N/A","N/A","N/A","N/A","0.0",".000","0.00","0","0","0","0",".000","0.00","0.00","0.00","0.00","0.00",".000","0","0","0","0","0.00",".000",".000","0.00","0.00",".000","0","0.00","0.00","0.00",".000",".000","0","0","0.00","0.00","0.00","0","0","0.00","0.00","0.00","0","0","0.00","0.00","0.00","N/A","0","0","0.00","0.00","0.00","N/A","0","0","0.00","0.00","0.00","N/A","0","0","0.00","0.00","0.00","0","0","0.00","0.00","0.00","N/A","0","0","0.00","0.00","0.00","N/A","0","0","0.00","0.00","0.00","N/A","0","0","0.00","0.00","0.00","0","0","0",".000","0","0","0","0.0","0","0","0-0","0","0.00","0","0","0.0","0.0","0.0","0.0","0.0","0.0","0.0","0.0","0.0","0.0","0.0"
"","","Jason","8","25","24",".333",".360",".693",".333","8","8","0","0","0","6","7","1","1","1","0","0","0","0","4","0","-","0","0","7","28.00","25.0","1.000","95.83","6","21.74","34.78","43.48",".348",".714","8","2","0","8","34","1.360","0","0.00","0","0.00","-","0","0","0","0.0","0","0","0","0","0","0","0","0","0","0.00","0","0","0","0","0","0","0",".000",".000","0","0","0","0","0","0.00","0",".000","N/A","N/A","N/A","N/A","N/A","N/A","0.0",".000","0.00","0","0","0","0",".000","0.00","0.00","0.00","0.00","0.00",".000","0","0","0","0","0.00",".000",".000","0.00","0.00",".000","0","0.00","0.00","0.00",".000",".000","0","0","0.00","0.00","0.00","0","0","0.00","0.00","0.00","0","0","0.00","0.00","0.00","N/A","0","0","0.00","0.00","0.00","N/A","0","0","0.00","0.00","0.00","N/A","0","0","0.00","0.00","0.00","0","0","0.00","0.00","0.00","N/A","0","0","0.00","0.00","0.00","N/A","0","0","0.00","0.00","0.00","N/A","0","0","0.00","0.00","0.00","0","0","0","-","0","0","0","0.0","0","0","0-0","0","-","0","0","0.0","0.0","0.0","0.0","0.0","0.0","0.0","0.0","0.0","0.0","0.0"
"","","JJ","8","30","28",".429",".433","1.005",".571","12","9","2","1","0","12","10","1","0","0","0","0","1","0","1","0","-","0","0","11","36.67","30.0",".000","100.0","7","24.14","68.97","6.90",".414",".571","15","1","3","16","33","1.100","0","0.00","0","0.00","-","0","0","0","0.0","0","0","0","0","0","0","0","0","0","0.00","0","0","0","0","0","0","0",".000",".000","0","0","0","0","0","0.00","0",".000","N/A","N/A","N/A","N/A","N/A","N/A","0.0",".000","0.00","0","0","0","0",".000","0.00","0.00","0.00","0.00","0.00",".000","0","0","0","0","0.00",".000",".000","0.00","0.00",".000","0","0.00","0.00","0.00",".000",".000","0","0","0.00","0.00","0.00","0","0","0.00","0.00","0.00","0","0","0.00","0.00","0.00","N/A","0","0","0.00","0.00","0.00","N/A","0","0","0.00","0.00","0.00","N/A","0","0","0.00","0.00","0.00","0","0","0.00","0.00","0.00","N/A","0","0","0.00","0.00","0.00","N/A","0","0","0.00","0.00","0.00","N/A","0","0","0.00","0.00","0.00","0","0","0","-","0","0","0","0.0","0","0","0-0","0","-","0","0","0.0","0.0","0.0","0.0","0.0","0.0","0.0","0.0","0.0","0.0","0.0"
"","","Joel","10","31","29",".379",".387",".973",".586","11","7","3","0","1","8","8","1","0","0","0","0","1","0","1","0","-","0","0","11","35.48","31.0",".000","100.0","6","20.00","73.33","6.67",".345",".600","13","5","4","17","37","1.194","0","0.00","0","0.00","29.0","0","0","0","0.0","10","0","0","0","0","0","0","0","0","-","0","0","0","0","0","0","0","-","-","0","0","0","0","0","-","0","-","N/A","N/A","N/A","N/A","N/A","N/A","-","-","-","0","0","0","60","-","-","-","-","-","-","-","51","0","0","0","-","-","-","-","-","-","0","-","-","-","-","-","0","0","-","-","-","0","0","-","-","-","0","0","-","-","-","N/A","0","0","-","-","-","N/A","0","0","-","-","-","N/A","0","0","-","-","-","0","0","-","-","-","N/A","0","0","-","-","-","N/A","0","0","-","-","-","N/A","0","0","-","-","-","0","0","0","-","0","0","0","0.0","0","0","0-0","0","-","0","0","0.0","0.0","0.0","0.0","0.0","0.0","0.0","0.0","0.0","0.0","0.0"
"","","Kives","6","19","19",".579",".579","1.474",".895","11","7","3","0","1","7","8","0","0","0","0","0","0","0","0","0","-","0","0","13","68.42","-",".000","100.0","12","52.63","36.84","10.53",".556",".714","6","4","4","17","19","1.000","0","0.00","0","0.00","19.0","0","0","0","0.0","0","0","0","0","0","0","0","0","0","0.00","0","0","0","0","0","0","0",".000",".000","0","0","0","0","0","0.00","0",".000","N/A","N/A","N/A","N/A","N/A","N/A","0.0",".000","0.00","0","0","0","0",".000","0.00","0.00","0.00","0.00","0.00",".000","0","0","0","0","0.00",".000",".000","0.00","0.00",".000","0","0.00","0.00","0.00",".000",".000","0","0","0.00","0.00","0.00","0","0","0.00","0.00","0.00","0","0","0.00","0.00","0.00","N/A","0","0","0.00","0.00","0.00","N/A","0","0","0.00","0.00","0.00","N/A","0","0","0.00","0.00","0.00","0","0","0.00","0.00","0.00","N/A","0","0","0.00","0.00","0.00","N/A","0","0","0.00","0.00","0.00","N/A","0","0","0.00","0.00","0.00","0","0","0",".000","0","0","0","0.0","0","0","0-0","0","0.00","0","0","0.0","0.0","0.0","0.0","0.0","0.0","0.0","0.0","0.0","0.0","0.0"
"","","Porter","10","33","32",".594",".606","1.387",".781","19","16","1","1","1","8","8","1","0","0","0","0","0","0","1","0","-","0","0","17","51.52","33.0",".000","100.0","15","37.50","31.25","31.25",".581",".500","14","3","3","25","36","1.091","0","0.00","0","0.00","32.0","1","0","0","0.0","0","0","0","0","0","0","0","0","0","0.00","0","0","0","0","0","0","0",".000",".000","0","0","0","0","0","0.00","0",".000","N/A","N/A","N/A","N/A","N/A","N/A","0.0",".000","0.00","0","0","0","0",".000","0.00","0.00","0.00","0.00","0.00",".000","0","0","0","0","0.00",".000",".000","0.00","0.00",".000","0","0.00","0.00","0.00",".000",".000","0","0","0.00","0.00","0.00","0","0","0.00","0.00","0.00","0","0","0.00","0.00","0.00","N/A","0","0","0.00","0.00","0.00","N/A","0","0","0.00","0.00","0.00","N/A","0","0","0.00","0.00","0.00","0","0","0.00","0.00","0.00","N/A","0","0","0.00","0.00","0.00","N/A","0","0","0.00","0.00","0.00","N/A","0","0","0.00","0.00","0.00","0","0","0","-","0","0","0","0.0","0","0","0-0","0","-","0","0","0.0","0.0","0.0","0.0","0.0","0.0","0.0","0.0","0.0","0.0","0.0"
"","","Slomka","4","13","13",".615",".615","1.615","1.000","8","5","2","0","1","4","4","0","0","0","0","0","0","0","1","0","-","0","0","9","69.23","-",".000","100.0","8","30.77","23.08","46.15",".583",".500","2","2","3","13","13","1.000","0","0.00","0","0.00","13.0","0","0","0","0.0","0","0","0","0","0","0","0","0","0","0.00","0","0","0","0","0","0","0",".000",".000","0","0","0","0","0","0.00","0",".000","N/A","N/A","N/A","N/A","N/A","N/A","0.0",".000","0.00","0","0","0","0",".000","0.00","0.00","0.00","0.00","0.00",".000","0","0","0","0","0.00",".000",".000","0.00","0.00",".000","0","0.00","0.00","0.00",".000",".000","0","0","0.00","0.00","0.00","0","0","0.00","0.00","0.00","0","0","0.00","0.00","0.00","N/A","0","0","0.00","0.00","0.00","N/A","0","0","0.00","0.00","0.00","N/A","0","0","0.00","0.00","0.00","0","0","0.00","0.00","0.00","N/A","0","0","0.00","0.00","0.00","N/A","0","0","0.00","0.00","0.00","N/A","0","0","0.00","0.00","0.00","0","0","0",".000","0","0","0","0.0","0","0","0-0","0","0.00","0","0","0.0","0.0","0.0","0.0","0.0","0.0","0.0","0.0","0.0","0.0","0.0"
"","","Snaxx","4","12","10",".400",".500",".900",".400","4","4","0","0","0","1","2","2","0","0","0","0","0","0","0","0","-","0","0","5","41.67","6.0",".000","100.0","3","30.00","50.00","20.00",".400",".500","5","1","0","4","18","1.500","0","0.00","0","0.00","-","1","0","0","0.0","0","0","0","0","0","0","0","0","0","0.00","0","0","0","0","0","0","0",".000",".000","0","0","0","0","0","0.00","0",".000","N/A","N/A","N/A","N/A","N/A","N/A","0.0",".000","0.00","0","0","0","0",".000","0.00","0.00","0.00","0.00","0.00",".000","0","0","0","0","0.00",".000",".000","0.00","0.00",".000","0","0.00","0.00","0.00",".000",".000","0","0","0.00","0.00","0.00","0","0","0.00","0.00","0.00","0","0","0.00","0.00","0.00","N/A","0","0","0.00","0.00","0.00","N/A","0","0","0.00","0.00","0.00","N/A","0","0","0.00","0.00","0.00","0","0","0.00","0.00","0.00","N/A","0","0","0.00","0.00","0.00","N/A","0","0","0.00","0.00","0.00","N/A","0","0","0.00","0.00","0.00","0","0","0",".000","0","0","0","0.0","0","0","0-0","0","0.00","0","0","0.0","0.0","0.0","0.0","0.0","0.0","0.0","0.0","0.0","0.0","0.0"
"","","Tim","10","38","35",".514",".500","1.186",".686","18","14","3","0","1","10","11","1","0","0","0","0","2","0","1","0","-","0","0","20","52.63","38.0",".000","100.0","17","21.62","37.84","40.54",".472",".500","22","0","4","24","41","1.079","0","0.00","0","0.00","35.0","0","0","0","0.0","0","0","0","0","0","0","0","0","0","0.00","0","0","0","0","0","0","0",".000",".000","0","0","0","0","0","0.00","0",".000","N/A","N/A","N/A","N/A","N/A","N/A","0.0",".000","0.00","0","0","0","0",".000","0.00","0.00","0.00","0.00","0.00",".000","0","0","0","0","0.00",".000",".000","0.00","0.00",".000","0","0.00","0.00","0.00",".000",".000","0","0","0.00","0.00","0.00","0","0","0.00","0.00","0.00","0","0","0.00","0.00","0.00","N/A","0","0","0.00","0.00","0.00","N/A","0","0","0.00","0.00","0.00","N/A","0","0","0.00","0.00","0.00","0","0","0.00","0.00","0.00","N/A","0","0","0.00","0.00","0.00","N/A","0","0","0.00","0.00","0.00","N/A","0","0","0.00","0.00","0.00","0","0","0",".000","0","0","0","0.0","0","0","0-0","0","0.00","0","0","0.0","0.0","0.0","0.0","0.0","0.0","0.0","0.0","0.0","0.0","0.0"
"","","Tristan","10","39","37",".649",".615","1.588",".973","24","15","7","1","1","13","21","0","0","0","0","0","2","0","1","0","-","0","0","26","66.67","-",".000","100.0","22","46.15","38.46","15.38",".605",".500","17","3","9","36","39","1.000","0","0.00","0","0.00","37.0","0","0","0","0.0","0","0","0","0","0","0","0","0","0","0.00","0","0","0","0","0","0","0",".000",".000","0","0","0","0","0","0.00","0",".000","N/A","N/A","N/A","N/A","N/A","N/A","0.0",".000","0.00","0","0","0","0",".000","0.00","0.00","0.00","0.00","0.00",".000","0","0","0","0","0.00",".000",".000","0.00","0.00",".000","0","0.00","0.00","0.00",".000",".000","0","0","0.00","0.00","0.00","0","0","0.00","0.00","0.00","0","0","0.00","0.00","0.00","N/A","0","0","0.00","0.00","0.00","N/A","0","0","0.00","0.00","0.00","N/A","0","0","0.00","0.00","0.00","0","0","0.00","0.00","0.00","N/A","0","0","0.00","0.00","0.00","N/A","0","0","0.00","0.00","0.00","N/A","0","0","0.00","0.00","0.00","0","0","0","-","0","0","0","0.0","0","0","0-0","0","-","0","0","0.0","0.0","0.0","0.0","0.0","0.0","0.0","0.0","0.0","0.0","0.0"
"","","Walsh","10","32","32",".438",".438","1.219",".781","14","7","4","2","1","9","8","0","0","0","0","0","0","0","5","0","-","0","0","19","59.38","-",".000","100.0","18","31.25","28.13","40.63",".419",".412","19","4","7","25","40","1.250","0","0.00","0","0.00","32.0","0","0","0","0.0","0","0","0","0","0","0","0","0","0","0.00","0","0","0","0","0","0","0",".000",".000","0","0","0","0","0","0.00","0",".000","N/A","N/A","N/A","N/A","N/A","N/A","0.0",".000","0.00","0","0","0","0",".000","0.00","0.00","0.00","0.00","0.00",".000","0","0","0","0","0.00",".000",".000","0.00","0.00",".000","0","0.00","0.00","0.00",".000",".000","0","0","0.00","0.00","0.00","0","0","0.00","0.00","0.00","0","0","0.00","0.00","0.00","N/A","0","0","0.00","0.00","0.00","N/A","0","0","0.00","0.00","0.00","N/A","0","0","0.00","0.00","0.00","0","0","0.00","0.00","0.00","N/A","0","0","0.00","0.00","0.00","N/A","0","0","0.00","0.00","0.00","N/A","0","0","0.00","0.00","0.00","0","0","0","-","0","0","0","0.0","0","0","0-0","0","-","0","0","0.0","0.0","0.0","0.0","0.0","0.0","0.0","0.0","0.0","0.0","0.0"
"Totals","","","10","378","354",".506",".503","1.237",".734","179","130","29","8","12","117","117","11","2","1","0","0","13","0","20","0","-","0","0","196","51.85","34.4","5.500","99.44","164","33.15","40.55","26.30",".473",".540","66","36","49","260","430","1.138","0","0.00","0","0.00","29.5","4","0","0","0.0","10","0","0","0","0","0","0","0","0","-","0","90","0","0","0","0","0","-","-","0","0","0","0","0","-","0","-","N/A","N/A","N/A","N/A","N/A","N/A","-","-","-","0","0","0","60","-","-","-","-","-","-","-","51","0","0","0","-","-","-","-","-","-","0","-","-","-","-","-","0","0","-","-","-","0","0","-","-","-","0","0","-","-","-","N/A","0","0","-","-","-","N/A","0","0","-","-","-","N/A","0","0","-","-","-","0","0","-","-","-","N/A","0","0","-","-","-","N/A","0","0","-","-","-","N/A","0","0","-","-","-","0","0","0","-","0","0","0","0.0","0","0","0-0","0","-","0","0","0.0","0.0","0.0","0.0","0.0","0.0","0.0","0.0","0.0","0.0","0.0"
"","","","","","","","","","","","","","","","","","","","","","","","","","","","","","","","","","","","","","","","","","","","","","","","","","","","","","","","","","","","","","","","","","","","","","","","","","","","","","","","","","","","","","","","","","","","","","","","","","","","","","","","","","","","","","","","","","","","","","","","","","","","","","","","","","","","","","","","","","","","","","","","","","","","","","","","","","","","","","","","","","","","","","","","","","","","","","","","","","","","","","","","","","","","","","","","","","","","","","","",""
"Glossary","","","GP=Games played","PA=Plate appearances","AB=At bats","AVG=Batting average","OBP=On-base percentage","OPS=On-base percentage plus slugging percentage","SLG=Slugging percentage","H=Hits","1B=Singles","2B=Doubles","3B=Triples","HR=Home runs","RBI=Runs batted in","R=Runs scored","BB=Base on balls (walks)","SO=Strikeouts","K-L=Strikeouts looking","HBP=Hit by pitch","SAC=Sacrifice hits & bunts","SF=Sacrifice flies","ROE=Reached on error","FC=Hit into fielder's choice","SB=Stolen bases","SB%=Stolen base percentage","CS=Caught stealing","PIK=Picked off","QAB=Quality at bats (any one of: 3 pitches after 2 strikes, 6+ pitch ABs, XBH, HHB, BB, SAC Bunt, SAC Fly)","QAB%=Quality at bats per plate appearance","PA/BB=Plate appearances per walk","BB/K=Walks per strikeout","C%=Contact percentage/Contact rate: AB-K/AB","HHB=Hard hit balls: Total line drives and hard ground balls","LD%=Line drive percentage","FB%=Fly ball percentage","GB%=Ground ball percentage","BABIP=Batting average on balls in play","BA/RISP=Batting average with runners in scoring position","LOB=Runners left on base","2OUTRBI=2-out RBI","XBH=Extra-base hits","TB=Total bases","PS=Pitches seen","PS/PA=Pitches seen per plate appearance","2S+3=Plate appearances in which batter sees 3+ pitches after 2 strikes","2S+3%=% of plate appearances in which batter sees 3+ pitches after 2 strikes","6+=Plate appearances with 6+ pitches","6+%=% of plate appearances of 6+ pitches","AB/HR=At bats per home run","GIDP=Hit into double play","GITP=Hit into triple play","CI=Batter advances on catcher's interference","IP=Innings pitched","GP=Games pitched","GS=Games started","BF=Total batters faced","#P=Total pitches","W=Wins","L=Losses","SV=Saves","SVO=Save opportunities","BS=Blown saves","SV%=Save percentage","H=Hits allowed","R=Runs allowed","ER=Earned runs allowed","BB=Base on balls (walks)","SO=Strikeouts","K-L=Strikeouts looking","HBP=Hit batters","ERA=Earned run average","WHIP=Walks plus hits per innings pitched","LOB=Runners left on base","BK=Balks","PIK=Runners picked off","CS=Runners caught stealing","SB=Stolen bases allowed","SB%=Stolen bases allowed percentage","WP=Wild pitches","BAA=Opponent batting average","MPHFB=Fastball average velocity","MPHCT=Cutter average velocity","MPHCB=Curveball average velocity","MPHSL=Slider average velocity","MPHCH=Changeup average velocity","MPHOS=Offspeed average velocity","P/IP=Pitches per inning","P/BF=Pitches per batter faced","<3%=% of batters on or out in three pitches or less","LOO=Leadoff out (1st batter of inning)","1ST2OUT=Innings with 1st 2 batters out","123INN=1-2-3 Innings","<13=Innings of 13 pitches or fewer","FIP=Fielding Independent Pitching","S%=Strike percentage","FPS%=First pitch strike percentage","FPSO%=% of FPS at-bats that result in an out","FPSW%=% of FPS at-bats that result in a walk","FPSH%=% of FPS at-bats that result in a hit","BB/INN=Walks per inning","0BBINN=Zero-walk innings","BBS=Walks that score","LOBB=Leadoff walk (1st batter of inning)","LOBBS=Leadoff walk that scored (1st batter of inning)","SM%=% of total pitches that are swings and misses","K/BF=Strikeouts per batter faced","K/BB=Strikeouts per walk","WEAK%=% of batted balls weakly hit (fly balls and ground balls)","HHB%=% of batted balls that are line drives or hard ground balls","GO/AO=Ratio of ground outs to air outs","HR=Home runs allowed","LD%=Line drive percentage","FB%=Fly ball percentage","GB%=% of all batted balls hit on the ground","BABIP=Opponent batting average on balls in play","BA/RISP=Opponent batting average with runners in scoring position","FB=Number of pitches thrown as Fastballs","FBS=Number of Fastballs thrown for strikes","FBS%=Percentage of Fastballs thrown for strikes","FBSW%=Percentage of Fastballs swung at","FBSM%=Percentage of Fastballs swung at and missed","CH=Number of pitches thrown as Changeups","CHS=Number of Changeups thrown for strikes","CHS%=Percentage of Changeups thrown for strikes","CHSW%=Percentage of Changeups swung at","CHSM%=Percentage of Changeups swung at and missed","RB=Number of pitches thrown as Riseballs","RBS=Number of Riseballs thrown for strikes","RBS%=Percentage of Riseballs thrown for strikes","RBSW%=Percentage of Riseballs swung at","RBSM%=Percentage of Riseballs swung at and missed","MPHRB=Riseball average velocity","DB=Number of pitches thrown as Dropballs","DBS=Number of Dropballs thrown for strikes","DBS%=Percentage of Dropballs thrown for strikes","DBSW%=Percentage of Dropballs swung at","DBSM%=Percentage of Dropballs swung at and missed","MPHDB=Dropball average velocity","SC=Number of pitches thrown as Screwballs","SCS=Number of Screwballs thrown for strikes","SCS%=Percentage of Screwballs thrown for strikes","SCSW%=Percentage of Screwballs swung at","SCSM%=Percentage of Screwballs swung at and missed","MPHSC=Screwball average velocity","CB=Number of pitches thrown as Curveballs","CBS=Number of Curveballs thrown for strikes","CBS%=Percentage of Curveballs thrown for strikes","CBSW%=Percentage of Curveballs swung at","CBSM%=Percentage of Curveballs swung at and missed","DC=Number of pitches thrown as Drop Curves","DCS=Number of Drop Curves thrown for strikes","DCS%=Percentage of Drop Curves thrown for strikes","DCSW%=Percentage of Drop Curves swung at","DCSM%=Percentage of Drop Curves swung at and missed","MPHDC=Drop Curve average velocity","KB=Number of pitches thrown as Knuckleballs","KBS=Number of Knuckleballs thrown for strikes","KBS%=Percentage of Knuckleballs thrown for strikes","KBSW%=Percentage of Knuckleballs swung at","KBSM%=Percentage of Knuckleballs swung at and missed","MPHKB=Knuckleball average velocity","KC=Number of pitches thrown as Knuckle Curves","KCS=Number of Knuckle Curves thrown for strikes","KCS%=Percentage of Knuckle Curves thrown for strikes","KCSW%=Percentage of Knuckle Curves swung at","KCSM%=Percentage of Knuckle Curves swung at and missed","MPHKC=Knuckle Curve average velocity","OS=Number of pitches thrown as Offspeeds","OSS=Number of Offspeeds thrown for strikes","OSS%=Percentage of Offspeeds thrown for strikes","OSSW%=Percentage of Offspeeds swung at","OSSM%=Percentage of Offspeeds swung at and missed","TC=Total Chances","A=Assists","PO=Putouts","FPCT=Fielding Percentage","E=Errors","DP=Double Plays","TP=Triple Plays","INN=Innings played as catcher","PB=Passed balls allowed","SB=Stolen bases allowed","SB-ATT=Stolen bases - Stealing attempts","CS=Runners caught stealing","CS%=Runners caught stealing percentage","PIK=Runners picked off","CI=Batter advances on catcher's interference","P=Innings played at pitcher","C=Innings played at catcher","1B=Innings played at first base","2B=Innings played at second base","3B=Innings played at third base","SS=Innings played at shortstop","LF=Innings played at left field","CF=Innings played at center field","RF=Innings played at right field","SF=Innings played at short field","Total=Total innings played"